{"name":"59548ce8-781c-4713-81b8-d03d4de80294","id":"/providers/Microsoft.Flow/flows/59548ce8-781c-4713-81b8-d03d4de80294","type":"Microsoft.Flow/flows","properties":{"apiId":"/providers/Microsoft.PowerApps/apis/shared_logicflows","displayName":"Approval process via emails","definition":{"metadata":{"workflowEntityId":null,"processAdvisorMetadata":null,"flowclientsuspensionreason":"None","flowclientsuspensiontime":null,"creator":{"id":"905a8740-5b42-46d1-8eea-1b6c80e09a3a","type":"User","tenantId":"815db2f7-1e3a-438f-8bdd-e55de825adee"},"provisioningMethod":"FromDefinition","failureAlertSubscription":true,"clientLastModifiedTime":"2021-06-29T09:36:01.8290476Z"},"$schema":"https://schema.management.azure.com/providers/Microsoft.Logic/schemas/2016-06-01/workflowdefinition.json#","contentVersion":"1.0.0.0","parameters":{"$connections":{"defaultValue":{},"type":"Object"},"$authentication":{"defaultValue":{},"type":"SecureObject"}},"triggers":{"When_an_item_is_created":{"recurrence":{"frequency":"Minute","interval":1},"splitOn":"@triggerOutputs()?['body/value']","type":"OpenApiConnection","inputs":{"host":{"apiId":"/providers/Microsoft.PowerApps/apis/shared_sharepointonline","connectionName":"shared_sharepointonline","operationId":"GetOnNewItems"},"parameters":{"dataset":"https://cloudthat365.sharepoint.com/sites/DemoSIte","table":"30c66a98-3863-41d5-a2f6-f1492922ccf9"},"authentication":"@parameters('$authentication')"}}},"actions":{"Send_email_with_options":{"runAfter":{},"type":"OpenApiConnectionWebhook","inputs":{"host":{"apiId":"/providers/Microsoft.PowerApps/apis/shared_office365","connectionName":"shared_office365","operationId":"SendMailWithOptions"},"parameters":{"optionsEmailSubscription/Message/To":"swasti.ray@outlook.com","optionsEmailSubscription/Message/Subject":"Action required on Reg request","optionsEmailSubscription/Message/Options":"Approve, Reject, Refer By","optionsEmailSubscription/Message/HeaderText":"Request Details.","optionsEmailSubscription/Message/Body":"Request ID: @{triggerOutputs()?['body/ID']}\nEvent: @{triggerOutputs()?['body/Event/Value']}\nRequested By: @{triggerOutputs()?['body/Title']}\nDept: @{triggerOutputs()?['body/Department/Value']}\nReq Date: @{triggerOutputs()?['body/Created']}","optionsEmailSubscription/Message/Importance":"Normal","optionsEmailSubscription/Message/HideHTMLMessage":false,"optionsEmailSubscription/Message/ShowHTMLConfirmationDialog":false},"authentication":"@parameters('$authentication')"}},"Condition":{"actions":{"Update_item":{"runAfter":{},"type":"OpenApiConnection","inputs":{"host":{"apiId":"/providers/Microsoft.PowerApps/apis/shared_sharepointonline","connectionName":"shared_sharepointonline","operationId":"PatchItem"},"parameters":{"dataset":"https://cloudthat365.sharepoint.com/sites/DemoSIte","table":"30c66a98-3863-41d5-a2f6-f1492922ccf9","id":"@triggerOutputs()?['body/ID']","item/Title":"@triggerOutputs()?['body/Title']","item/Status/Value":"Confirmed","item/StatusReason":"Approved by Manager."},"authentication":"@parameters('$authentication')"}},"Post_message_in_a_chat_or_channel":{"runAfter":{"Update_item":["Succeeded"]},"type":"OpenApiConnection","inputs":{"host":{"apiId":"/providers/Microsoft.PowerApps/apis/shared_teams","connectionName":"shared_teams","operationId":"PostMessageToConversation"},"parameters":{"poster":"User","location":"Channel","body/recipient/groupId":"80575939-e678-4a75-85a1-f8df8b823156","body/recipient/channelId":"19:2c5c5e8a33b4406e964e85387564ebed@thread.tacv2","body/messageBody":"<p>A new request has been confimed.<br>\nPFB the details:<br>\n<br>\nReq ID: @{outputs('Update_item')?['body/ID']}<br>\nEvent: @{outputs('Update_item')?['body/Event/Value']}<br>\nStatus: @{outputs('Update_item')?['body/Status/Value']}</p>","body/subject":"New Request Confirmed"},"authentication":"@parameters('$authentication')"}}},"runAfter":{"Send_email_with_options":["Succeeded"]},"else":{"actions":{"Update_item_2":{"runAfter":{},"type":"OpenApiConnection","inputs":{"host":{"apiId":"/providers/Microsoft.PowerApps/apis/shared_sharepointonline","connectionName":"shared_sharepointonline","operationId":"PatchItem"},"parameters":{"dataset":"https://cloudthat365.sharepoint.com/sites/DemoSIte","table":"30c66a98-3863-41d5-a2f6-f1492922ccf9","id":"@triggerOutputs()?['body/ID']","item/Title":"@triggerOutputs()?['body/Title']","item/Status/Value":"Rejected","item/StatusReason":"Rejected By Manager."},"authentication":"@parameters('$authentication')"}}}},"expression":{"equals":["@outputs('Send_email_with_options')?['body/SelectedOption']","Approve"]},"type":"If"}}},"connectionReferences":{"shared_office365":{"connectionName":"f12681f3b63b4483b2718c2f211e0af4","source":"Embedded","id":"/providers/Microsoft.PowerApps/apis/shared_office365","tier":"NotSpecified"},"shared_sharepointonline":{"connectionName":"05874734f0af4b67aeaa0bce62958e97","source":"Embedded","id":"/providers/Microsoft.PowerApps/apis/shared_sharepointonline","tier":"NotSpecified"},"shared_teams":{"connectionName":"shared-teams-d2fd8564-7888-4e22-abb2-f873-86505a12","source":"Embedded","id":"/providers/Microsoft.PowerApps/apis/shared_teams","tier":"NotSpecified"}},"flowFailureAlertSubscribed":false}}