{"name":"30cd4844-e933-4c5c-9081-d99bba604d83","id":"/providers/Microsoft.Flow/flows/30cd4844-e933-4c5c-9081-d99bba604d83","type":"Microsoft.Flow/flows","properties":{"apiId":"/providers/Microsoft.PowerApps/apis/shared_logicflows","displayName":"Invoice Approval","definition":{"metadata":{"workflowEntityId":null,"processAdvisorMetadata":null,"flowclientsuspensionreason":"None","flowclientsuspensiontime":null,"creator":{"id":"905a8740-5b42-46d1-8eea-1b6c80e09a3a","type":"User","tenantId":"815db2f7-1e3a-438f-8bdd-e55de825adee"},"provisioningMethod":"FromDefinition","failureAlertSubscription":true,"clientLastModifiedTime":"2021-06-29T11:33:57.561287Z"},"$schema":"https://schema.management.azure.com/providers/Microsoft.Logic/schemas/2016-06-01/workflowdefinition.json#","contentVersion":"1.0.0.0","parameters":{"$connections":{"defaultValue":{},"type":"Object"},"$authentication":{"defaultValue":{},"type":"SecureObject"}},"triggers":{"manual":{"type":"Request","kind":"PowerApp","inputs":{"schema":{"type":"object","properties":{"PostachoiceofoptionsastheFlowbottoauser_Message":{"type":"string","description":". This parameter is used as part of \"F407A6FF-4E5F-4D0B-A2A5-A8CE9A03286B\"","x-ms-powerflows-param-ispartial":true},"PostachoiceofoptionsastheFlowbottoauser_Message_1":{"type":"string"},"PostachoiceofoptionsastheFlowbottoauser_Message_2":{"type":"string"},"PostachoiceofoptionsastheFlowbottoauser_Message_3":{"type":"string"}},"required":["PostachoiceofoptionsastheFlowbottoauser_Message","PostachoiceofoptionsastheFlowbottoauser_Message_1","PostachoiceofoptionsastheFlowbottoauser_Message_2","PostachoiceofoptionsastheFlowbottoauser_Message_3"]}}}},"actions":{"Post_a_choice_of_options_as_the_Flow_bot_to_a_user":{"runAfter":{},"type":"OpenApiConnectionWebhook","inputs":{"host":{"apiId":"/providers/Microsoft.PowerApps/apis/shared_teams","connectionName":"shared_teams","operationId":"SubscribeUserMessageWithOptions"},"parameters":{"UserMessageWithOptionsSubscriptionRequest/body/options":["Approve","Reject"],"UserMessageWithOptionsSubscriptionRequest/body/recipient/to":"swastir@cloudthat.com;","UserMessageWithOptionsSubscriptionRequest/body/messageBody":"Customoer Id: @{triggerBody()['PostachoiceofoptionsastheFlowbottoauser_Message']}\nInvoice No: @{triggerBody()['PostachoiceofoptionsastheFlowbottoauser_Message_1']}\nDate: @{triggerBody()['PostachoiceofoptionsastheFlowbottoauser_Message_2']}\nAmount: @{triggerBody()['PostachoiceofoptionsastheFlowbottoauser_Message_3']}"},"authentication":{"value":"@json(decodeBase64(triggerOutputs().headers['X-MS-APIM-Tokens']))['$ConnectionKey']","type":"Raw"}}}}},"connectionReferences":{"shared_teams":{"connectionName":"shared-teams-d2fd8564-7888-4e22-abb2-f873-86505a12","source":"Invoker","id":"/providers/Microsoft.PowerApps/apis/shared_teams","tier":"NotSpecified"}},"flowFailureAlertSubscribed":false}}